fips_code,state,civilian_population,labor_force,population_percent,employment,employment_percent,unemployment,unemployment_percent,month/year,employment_to_population_ratio,unemployment_rate
06,California,31150776,18730775,60.1,17096125,54.9,1634650,8.7,01/2021,0.5488185912286744,0.08727081500898921
09,Connecticut,2924748,1816716,62.1,1688878,57.7,127838,7.0,01/2021,0.5774439370503032,0.07036763038361527
12,Florida,17651837,10146298,57.5,9548255,54.1,598043,5.9,01/2021,0.5409213216732061,0.0589419904678534
13,Georgia,8357467,5178158,62.0,4930758,59.0,247400,4.8,01/2021,0.5899823475222816,0.04777760740402282
24,Maryland,4880724,3178999,65.1,2976494,61.0,202505,6.4,01/2021,0.6098468178081776,0.06370086936170788
26,Michigan,8068414,4770719,59.1,4460627,55.3,310092,6.5,01/2021,0.5528505354336056,0.06499900748713139
36,New York,16147636,9529706,59.0,8719038,54.0,810668,8.5,01/2021,0.5399575516812491,0.0850674721759517
42,Pennsylvania,10482980,6497094,62.0,6012410,57.4,484684,7.5,01/2021,0.573540157474306,0.07460012122342696
48,Texas,22370795,14146900,63.2,13194031,59.0,952869,6.7,01/2021,0.5897882037719268,0.06735532166057581
53,Washington,6147140,3876921,63.1,3630780,59.1,246141,6.3,01/2021,0.5906454058310043,0.06348878401184858
06,California,31127640,18769981,60.3,17165377,55.1,1604604,8.5,02/2021,0.5514512825257553,0.08548777966264323
09,Connecticut,2926426,1813938,62.0,1688035,57.7,125903,6.9,02/2021,0.5768247685060206,0.06940865674571016
12,Florida,17666223,10169604,57.6,9603143,54.4,566461,5.6,02/2021,0.543587783308294,0.05570138227604536
13,Georgia,8361374,5174112,61.9,4937540,59.1,236572,4.6,02/2021,0.5905177785373552,0.04572224180690329
24,Maryland,4880100,3172878,65.0,2977470,61.0,195408,6.2,02/2021,0.6101247925247434,0.06158698821700677
26,Michigan,8064688,4763640,59.1,4460982,55.3,302658,6.4,02/2021,0.5531499792676419,0.06353502783585661
36,New York,16128886,9536568,59.1,8743816,54.2,792752,8.3,02/2021,0.5421215079578342,0.08312759894335153
42,Pennsylvania,10482590,6485858,61.9,6019056,57.4,466802,7.2,02/2021,0.5741954993947107,0.07197228184767536
48,Texas,22392694,14168563,63.3,13234536,59.1,934027,6.6,02/2021,0.5910202675926354,0.06592249333965625
53,Washington,6147564,3878148,63.1,3640705,59.2,237443,6.1,02/2021,0.5922191293982462,0.06122587379336735
06,California,31110436,18841613,60.6,17259385,55.5,1582228,8.4,03/2021,0.5547779851108483,0.08397518832384468
09,Connecticut,2928891,1813046,61.9,1688664,57.7,124382,6.9,03/2021,0.5765540609056465,0.06860388539507548
12,Florida,17684916,10212331,57.7,9667587,54.7,544744,5.3,03/2021,0.546657219067368,0.05334178847121191
13,Georgia,8367615,5175916,61.9,4948163,59.1,227753,4.4,03/2021,0.5913468772165067,0.044002452899158336
24,Maryland,4880722,3173857,65.0,2983241,61.1,190616,6.0,03/2021,0.6112294451517624,0.06005815636936384
26,Michigan,8063261,4762269,59.1,4465028,55.4,297241,6.2,03/2021,0.5537496553813649,0.06241583581271869
36,New York,16114067,9541206,59.2,8776986,54.5,764220,8.0,03/2021,0.5446785097765822,0.08009679279537618
42,Pennsylvania,10485283,6476878,61.8,6029628,57.5,447250,6.9,03/2021,0.5750562955716121,0.06905333094123434
48,Texas,22419386,14199656,63.3,13291247,59.3,908409,6.4,03/2021,0.5928461644756908,0.0639740145817617
53,Washington,6149684,3882171,63.1,3653458,59.4,228713,5.9,03/2021,0.594088736917214,0.05891368515194204
06,California,31098231,18928168,60.9,17367539,55.8,1560629,8.2,04/2021,0.5584735350380541,0.08245008180400766
09,Connecticut,2931743,1814471,61.9,1689909,57.6,124562,6.9,04/2021,0.5764178510872201,0.06864920960434198
12,Florida,17706252,10260663,57.9,9736226,55.0,524437,5.1,04/2021,0.5498750384892297,0.05111141453529855
13,Georgia,8375321,5179627,61.8,4959867,59.2,219760,4.2,04/2021,0.5922002273106906,0.042427765551457663
24,Maryland,4882076,3176530,65.1,2990622,61.3,185908,5.9,04/2021,0.6125717829874012,0.058525497949019845
26,Michigan,8062987,4767875,59.1,4471099,55.5,296776,6.2,04/2021,0.554521419915473,0.06224492043100962
36,New York,16101645,9558780,59.4,8814695,54.7,744085,7.8,04/2021,0.547440649697593,0.07784309294700788
42,Pennsylvania,10489461,6471769,61.7,6041633,57.6,430136,6.6,04/2021,0.5759717301012893,0.06646343526785335
48,Texas,22449685,14238796,63.4,13356777,59.5,882019,6.2,04/2021,0.5949650073041114,0.061944773982294574
53,Washington,6152774,3887981,63.2,3667512,59.6,220469,5.7,04/2021,0.5960745510886635,0.05670526682100555
06,California,31085758,18966081,61.0,17470425,56.2,1495656,7.9,05/2021,0.5620073668462581,0.07885951768317345
09,Connecticut,2934836,1812894,61.8,1691533,57.6,121361,6.7,05/2021,0.5763637218570306,0.06694324102788139
12,Florida,17728751,10308309,58.1,9804480,55.3,503829,4.9,05/2021,0.5530271139799978,0.048876008664466696
13,Georgia,8383012,5183214,61.8,4971177,59.3,212037,4.1,05/2021,0.5930060698946871,0.04090840162107912
24,Maryland,4883387,3179389,65.1,2998799,61.4,180590,5.7,05/2021,0.6140817838111131,0.056800221677812936
26,Michigan,8063153,4773124,59.2,4478057,55.5,295067,6.2,05/2021,0.555372941577569,0.06181842332191663
36,New York,16089443,9558574,59.4,8852224,55.0,706350,7.4,05/2021,0.5501883439967437,0.07389700597599601
42,Pennsylvania,10494377,6464335,61.6,6051491,57.7,412844,6.4,05/2021,0.5766412813261806,0.06386488324011673
48,Texas,22479631,14272260,63.5,13424638,59.7,847622,5.9,05/2021,0.597191208343233,0.05938947300567675
53,Washington,6156293,3892531,63.2,3680710,59.8,211821,5.4,05/2021,0.5978776513723437,0.05441729301577817
06,California,31073537,19053546,61.3,17570885,56.5,1482661,7.8,06/2021,0.5654613763473402,0.07781548904335182
09,Connecticut,2937887,1835081,62.5,1712988,58.3,122093,6.7,06/2021,0.5830680349516506,0.0665327579545535
12,Florida,17751461,10365645,58.4,9865545,55.6,500100,4.8,06/2021,0.5557596076176491,0.04824591233830601
13,Georgia,8390583,5185097,61.8,4978936,59.3,206161,4.0,06/2021,0.5933957151725929,0.0397602976376334
24,Maryland,4884759,3186196,65.2,3004389,61.5,181807,5.7,06/2021,0.6150536802327402,0.05706083367124935
26,Michigan,8063504,4783380,59.3,4484801,55.6,298579,6.2,06/2021,0.5561851274582366,0.062420087887644304
36,New York,16077498,9590039,59.6,8885116,55.3,704923,7.4,06/2021,0.5526429547682108,0.0735057490381426
42,Pennsylvania,10499501,6458105,61.5,6057076,57.7,401029,6.2,06/2021,0.5768917970482598,0.06209700833293977
48,Texas,22509716,14322661,63.6,13486729,59.9,835932,5.8,06/2021,0.5991514508668168,0.05836429417689911
53,Washington,6159731,3900052,63.3,3693110,60.0,206942,5.3,06/2021,0.5995570261103934,0.05306134379746732
06,California,31063502,19046459,61.3,17644769,56.8,1401690,7.4,07/2021,0.568022530106232,0.07359320701028994
09,Connecticut,2941186,1851127,62.9,1732894,58.9,118233,6.4,07/2021,0.5891820510501546,0.06387082031648827
12,Florida,17775674,10394916,58.5,9918993,55.8,475923,4.6,07/2021,0.558009389686152,0.04578420835723925
13,Georgia,8398404,5181556,61.7,4983312,59.3,198244,3.8,07/2021,0.5933641677633036,0.038259549834065286
24,Maryland,4886661,3180660,65.1,3007207,61.5,173453,5.5,07/2021,0.6153909591846047,0.05453365024869052
26,Michigan,8064447,4787408,59.4,4492972,55.7,294436,6.2,07/2021,0.5571333037466797,0.0615021740365559
36,New York,16066961,9576306,59.6,8909301,55.5,667005,7.0,07/2021,0.5545106507696135,0.06965159634623204
42,Pennsylvania,10505438,6444912,61.3,6060044,57.7,384868,6.0,07/2021,0.5768482951400979,0.05971656401204547
48,Texas,22541419,14339051,63.6,13541793,60.1,797258,5.6,07/2021,0.6007515764646405,0.05560047174670067
53,Washington,6163858,3902844,63.3,3702387,60.1,200457,5.1,07/2021,0.6006606576595372,0.05136177618167675
06,California,31069529,19064774,61.4,17724539,57.0,1340235,7.0,08/2021,0.5704798099771644,0.07029902373875505
09,Connecticut,2942095,1868126,63.5,1753157,59.6,114969,6.2,08/2021,0.5958872844010815,0.06154242272737492
12,Florida,17809081,10428151,58.6,9968996,56.0,459155,4.4,08/2021,0.5597703778201694,0.044030336729876655
13,Georgia,8408875,5178225,61.6,4988018,59.3,190207,3.7,08/2021,0.5931849385322056,0.036732084836020064
24,Maryland,4887279,3178050,65.0,3011151,61.6,166899,5.3,08/2021,0.6161201355600938,0.052516165573228864
26,Michigan,8067052,4789657,59.4,4504961,55.8,284696,5.9,08/2021,0.5584395637960434,0.059439746938037524
36,New York,16060322,9577488,59.6,8932320,55.6,645168,6.7,08/2021,0.5561731576739246,0.06736296615563496
42,Pennsylvania,10505804,6430518,61.2,6064094,57.7,366424,5.7,08/2021,0.5772137001604065,0.056982034728773015
48,Texas,22579590,14364126,63.6,13593093,60.2,771033,5.4,08/2021,0.6020079638292812,0.053677682860760204
53,Washington,6169938,3906340,63.3,3712391,60.2,193949,5.0,08/2021,0.601690162850907,0.04964980006860642
06,California,31072677,19037677,61.3,17793674,57.3,1244003,6.5,09/2021,0.572646959256198,0.06534426442890065
09,Connecticut,2942649,1883309,64.0,1773148,60.3,110161,5.8,09/2021,0.602568637985706,0.05849332212610889
12,Florida,17840188,10444912,58.5,10016246,56.1,428666,4.1,09/2021,0.5614428502659277,0.041040652137614944
13,Georgia,8418467,5175297,61.5,4993517,59.3,181780,3.5,09/2021,0.5931622705178984,0.03512455420432876
24,Maryland,4887205,3167097,64.8,3014818,61.7,152279,4.8,09/2021,0.6168797912099042,0.04808157123068855
26,Michigan,8068437,4789394,59.4,4520745,56.0,268649,5.6,09/2021,0.5602999688787308,0.05609248268152505
36,New York,16051662,9553876,59.5,8956839,55.8,597037,6.2,09/2021,0.5580007229157953,0.0624916002677866
42,Pennsylvania,10504583,6416798,61.1,6071236,57.8,345562,5.4,09/2021,0.5779606863023501,0.05385271594960602
48,Texas,22615375,14376211,63.6,13644738,60.3,731473,5.1,09/2021,0.6033390116237294,0.05088079188598442
53,Washington,6175112,3907590,63.3,3721760,60.3,185830,4.8,09/2021,0.6027032384189954,0.04755616633270123
06,California,31075721,19064571,61.3,17886523,57.6,1178048,6.2,10/2021,0.5755786969512309,0.061792526042154315
09,Connecticut,2943073,1901339,64.6,1794555,61.0,106784,5.6,10/2021,0.6097555174472397,0.056162525462318924
12,Florida,17870980,10477350,58.6,10065312,56.3,412038,3.9,10/2021,0.5632210432779847,0.03932654726624576
13,Georgia,8428086,5178785,61.4,5003580,59.4,175205,3.4,10/2021,0.5936792766471534,0.03383129440592726
24,Maryland,4887144,3165541,64.8,3023548,61.9,141993,4.5,10/2021,0.618673810307206,0.04485583980747682
26,Michigan,8069479,4791389,59.4,4539758,56.3,251631,5.3,10/2021,0.562583780192005,0.05251733891779607
36,New York,16042441,9557783,59.6,8989806,56.0,567977,5.9,10/2021,0.5603764414654853,0.059425601104356525
42,Pennsylvania,10502982,6409611,61.0,6083528,57.9,326083,5.1,10/2021,0.579219120817307,0.050874070204884506
48,Texas,22651184,14410330,63.6,13702700,60.5,707630,4.9,10/2021,0.6049440947546053,0.049105745669946486
53,Washington,6180301,3912080,63.3,3734664,60.4,177416,4.5,10/2021,0.6042851310963657,0.04535081082186458
06,California,31077628,19078014,61.4,17980818,57.9,1097196,5.8,11/2021,0.5785775542457745,0.05751101765624032
09,Connecticut,2943368,1918331,65.2,1816463,61.7,101868,5.3,11/2021,0.6171375784475471,0.053102410376520005
12,Florida,17900635,10509000,58.7,10115529,56.5,393471,3.7,11/2021,0.5650933053492236,0.03744133599771624
13,Georgia,8437802,5186129,61.5,5016402,59.5,169727,3.3,11/2021,0.5945152540910535,0.032727107250899466
24,Maryland,4886903,3163512,64.7,3033748,62.1,129764,4.1,11/2021,0.620791531978433,0.04101896879164675
26,Michigan,8070336,4794945,59.4,4560295,56.5,234650,4.9,11/2021,0.5650687901965916,0.048936953395711524
36,New York,16032832,9562350,59.6,9026895,56.3,535455,5.6,11/2021,0.5630256089504337,0.05599617248898022
42,Pennsylvania,10500773,6410152,61.0,6101152,58.1,309000,4.8,11/2021,0.581019321149024,0.04820478515954068
48,Texas,22686228,14440478,63.7,13766342,60.7,674136,4.7,11/2021,0.6068149363569827,0.04668377321027739
53,Washington,6185185,3917448,63.3,3748407,60.6,169041,4.3,11/2021,0.6060298923961046,0.04315079613054213
06,California,31078974,19143658,61.6,18095739,58.2,1047919,5.5,12/2021,0.5822502055569788,0.05473974723117181
09,Connecticut,2943660,1937363,65.8,1839087,62.5,98276,5.1,12/2021,0.6247620309410734,0.0507266836416304
12,Florida,17930153,10544190,58.8,10168586,56.7,375604,3.6,12/2021,0.5671220987350192,0.035621892245871895
13,Georgia,8447530,5197155,61.5,5032168,59.6,164987,3.2,12/2021,0.5956969670424372,0.03174563775758083
24,Maryland,4886659,3163212,64.7,3045785,62.3,117427,3.7,12/2021,0.6232857664101383,0.037122709448497285
26,Michigan,8071127,4802239,59.5,4581790,56.8,220449,4.6,12/2021,0.567676608235752,0.04590546201469773
36,New York,16023083,9587317,59.8,9067724,56.6,519593,5.4,12/2021,0.5659163096140737,0.054195871483127135
42,Pennsylvania,10498520,6420876,61.2,6124585,58.3,296291,4.6,12/2021,0.5833760377653231,0.04614494969222268
48,Texas,22720951,14486259,63.8,13835000,60.9,651259,4.5,12/2021,0.6089093717952211,0.044957017543314666
53,Washington,6189983,3927463,63.4,3764862,60.8,162601,4.1,12/2021,0.608218471682394,0.04140102656600457
